,Rk,Player,Pos,Age,Tm,G,GS,MP,FG,FGA,FG%,3P,3PA,3P%,2P,2PA,2P%,eFG%,FT,FTA,FT%,ORB,DRB,TRB,AST,STL,BLK,TOV,PF,PTS,Season,FantasyPts
0,1,Precious Achiuwa,C,23,TOR,55,12,1140,196,404,0.485,29,108,0.269,167,296,0.564,0.521,87,124,0.702,100,228,328,50,31,30,59,102,508,2022-2023,1100.6
1,2,Steven Adams,C,29,MEM,42,42,1133,157,263,0.597,0,1,0.0,157,262,0.599,0.597,47,129,0.364,214,271,485,97,36,46,79,98,361,2022-2023,1255.5
2,3,Bam Adebayo,C,25,MIA,75,75,2598,602,1114,0.54,1,12,0.083,601,1102,0.545,0.541,324,402,0.806,184,504,688,240,88,61,187,208,1529,2022-2023,2974.6
3,4,Ochai Agbaji,SG,22,UTA,59,22,1209,165,386,0.427,81,228,0.355,84,158,0.532,0.532,56,69,0.812,43,78,121,67,16,15,41,99,467,2022-2023,764.7
4,5,Santi Aldama,PF,22,MEM,77,20,1682,247,525,0.47,94,266,0.353,153,259,0.591,0.56,108,144,0.75,85,286,371,97,45,48,60,143,696,2022-2023,1505.7
5,6,Nickeil Alexander-Walker,SG,24,TOT,59,3,884,131,295,0.444,61,159,0.384,70,136,0.515,0.547,40,60,0.667,15,86,101,108,32,21,55,88,363,2022-2023,750.2
8,7,Grayson Allen,SG,27,MIL,72,70,1972,245,557,0.44,146,366,0.399,99,191,0.518,0.571,114,126,0.905,61,176,237,163,62,14,72,117,750,2022-2023,1434.9
9,8,Jarrett Allen,C,24,CLE,68,68,2220,403,626,0.644,1,10,0.1,402,616,0.653,0.645,162,221,0.733,221,445,666,113,54,84,93,153,969,2022-2023,2258.7
10,9,Jose Alvarado,PG,24,NOP,61,10,1310,201,489,0.411,83,247,0.336,118,242,0.488,0.496,65,80,0.813,28,113,141,186,67,10,81,125,550,2022-2023,1148.2
11,10,Kyle Anderson,PF,29,MIN,69,46,1957,252,495,0.509,43,105,0.41,209,390,0.536,0.553,100,136,0.735,66,302,368,335,78,63,103,146,647,2022-2023,1911.1
12,11,Giannis Antetokounmpo,PF,28,MIL,63,63,2024,707,1278,0.553,47,171,0.275,660,1107,0.596,0.572,498,772,0.645,137,605,742,359,52,51,246,197,1959,2022-2023,3450.9
13,12,Thanasis Antetokounmpo,PF,30,MIL,37,0,206,20,46,0.435,0,8,0.0,20,38,0.526,0.435,11,22,0.5,15,29,44,15,3,3,12,22,51,2022-2023,132.3
14,13,Cole Anthony,PG,22,ORL,60,4,1552,277,610,0.454,75,206,0.364,202,404,0.5,0.516,152,170,0.894,47,241,288,235,37,31,91,158,781,2022-2023,1592.1
15,14,OG Anunoby,SF,25,TOR,67,67,2386,421,885,0.476,142,367,0.387,279,518,0.539,0.556,140,167,0.838,95,237,332,131,128,50,132,200,1124,2022-2023,2120.9
16,15,Ryan Arcidiacono,PG,28,TOT,20,4,172,9,37,0.243,8,23,0.348,1,14,0.071,0.351,0,0,0.768,0,15,15,23,5,0,7,17,26,2022-2023,86.5
19,16,Deni Avdija,SF,22,WAS,76,40,2020,253,579,0.437,69,232,0.297,184,347,0.53,0.497,122,165,0.739,74,413,487,211,65,29,123,209,697,2022-2023,1756.9
20,17,Deandre Ayton,C,24,PHO,67,67,2035,522,887,0.589,7,24,0.292,515,863,0.597,0.592,152,200,0.76,172,495,667,115,37,53,120,190,1203,2022-2023,2325.9
21,18,Udoka Azubuike,C,23,UTA,36,4,359,59,72,0.819,0,0,0.348,59,72,0.819,0.819,7,20,0.35,31,88,119,11,6,15,18,34,125,2022-2023,329.29999999999995
22,19,Marvin Bagley III,C,23,DET,42,25,990,202,382,0.529,19,66,0.288,183,316,0.579,0.554,81,108,0.75,94,175,269,36,19,30,46,81,504,2022-2023,981.8
23,20,Patrick Baldwin Jr.,SF,20,GSW,31,0,226,43,109,0.394,32,84,0.381,11,25,0.44,0.541,4,6,0.667,1,39,40,11,6,4,11,14,122,2022-2023,205.5
24,21,LaMelo Ball,PG,21,CHO,36,36,1268,296,721,0.411,144,383,0.376,152,338,0.45,0.51,102,122,0.836,42,189,231,304,46,11,129,118,838,2022-2023,1613.2
25,22,Mo Bamba,C,24,TOT,49,7,769,117,241,0.485,48,124,0.387,69,117,0.59,0.585,41,62,0.661,58,167,225,46,13,43,30,105,323,2022-2023,800.0
28,23,Paolo Banchero,PF,20,ORL,72,72,2430,479,1122,0.427,85,285,0.298,394,837,0.471,0.465,394,534,0.738,84,413,497,269,60,39,200,160,1437,2022-2023,2533.9
29,24,Desmond Bane,SG,24,MEM,58,58,1841,450,939,0.479,166,407,0.408,284,532,0.534,0.568,181,205,0.883,43,248,291,254,56,22,126,150,1247,2022-2023,2085.2
30,25,Dalano Banton,PG,23,TOR,31,2,279,55,130,0.423,15,51,0.294,40,79,0.506,0.481,17,24,0.708,11,34,45,36,13,13,18,34,142,2022-2023,310.0
31,26,Dominick Barlow,PF,19,SAS,28,0,408,46,86,0.535,0,4,0.0,46,82,0.561,0.535,18,25,0.72,46,56,102,24,10,19,15,56,110,2022-2023,340.4
32,27,Harrison Barnes,PF,30,SAC,82,82,2662,374,791,0.473,132,353,0.374,242,438,0.553,0.556,350,413,0.847,87,279,366,128,57,10,86,103,1230,2022-2023,1976.1999999999998
33,28,Scottie Barnes,SF,21,TOR,77,76,2678,463,1016,0.456,63,224,0.281,400,792,0.505,0.487,190,246,0.772,179,333,512,371,83,61,154,170,1179,2022-2023,2627.9
34,29,RJ Barrett,SG,22,NYK,73,73,2475,510,1176,0.434,121,390,0.31,389,786,0.495,0.485,290,392,0.74,60,308,368,201,31,15,164,179,1431,2022-2023,2148.1
35,30,Will Barton,SG,32,TOT,56,2,993,138,364,0.379,66,180,0.367,72,184,0.391,0.47,37,47,0.787,15,122,137,112,28,13,48,56,379,2022-2023,786.4
38,31,Charles Bassey,C,22,SAS,35,2,508,87,135,0.644,3,8,0.375,84,127,0.661,0.656,22,37,0.595,75,118,193,47,16,33,41,74,199,2022-2023,607.1
39,32,Keita Bates-Diop,PF,27,SAS,67,42,1452,236,465,0.508,56,142,0.394,180,323,0.557,0.568,119,150,0.793,65,183,248,103,46,20,56,63,647,2022-2023,1241.1
40,33,Nicolas Batum,PF,34,LAC,78,19,1709,160,381,0.42,124,317,0.391,36,64,0.563,0.583,34,48,0.708,62,237,299,121,54,44,50,149,478,2022-2023,1262.3
41,34,Darius Bazley,C,22,TOT,43,1,616,83,183,0.454,20,53,0.377,63,130,0.485,0.508,38,70,0.543,34,104,138,38,22,34,27,44,224,2022-2023,587.6
44,35,Bradley Beal,SG,29,WAS,50,50,1673,444,878,0.506,80,219,0.365,364,659,0.552,0.551,192,228,0.842,41,155,196,271,45,33,145,107,1160,2022-2023,1890.7
45,36,Malik Beasley,SG,26,TOT,81,27,2093,370,937,0.395,235,658,0.357,135,279,0.484,0.52,50,65,0.769,35,248,283,124,65,9,90,107,1025,2022-2023,1682.6
48,37,MarJon Beauchamp,SF,22,MIL,52,11,701,96,243,0.395,47,142,0.331,49,101,0.485,0.492,27,37,0.73,38,77,115,35,21,7,45,71,266,2022-2023,495.5
49,38,Dāvis Bertāns,PF,30,DAL,45,1,492,69,160,0.431,55,141,0.39,14,19,0.737,0.603,13,15,0.867,10,43,53,21,11,8,10,53,206,2022-2023,348.1
50,39,Patrick Beverley,SG-PG,34,TOT,67,67,1816,144,360,0.4,80,239,0.335,64,121,0.529,0.511,47,65,0.723,44,203,247,194,63,41,60,187,415,2022-2023,1254.4
53,40,Saddiq Bey,SF,23,TOT,77,37,2129,353,836,0.422,151,418,0.361,202,418,0.483,0.513,205,238,0.861,98,264,362,118,70,13,71,123,1062,2022-2023,1851.4
56,41,Khem Birch,C,30,TOR,20,0,162,19,32,0.594,1,2,0.5,18,30,0.6,0.609,4,5,0.8,8,17,25,7,5,5,8,24,43,2022-2023,105.5
57,42,Goga Bitadze,C,23,TOT,38,1,457,69,125,0.552,6,26,0.231,63,99,0.636,0.576,23,42,0.548,61,76,137,39,16,26,22,64,167,2022-2023,493.9
60,43,Bismack Biyombo,C,30,PHO,61,14,874,119,206,0.578,0,0,0.348,119,206,0.578,0.578,25,70,0.357,89,171,260,56,18,88,51,114,263,2022-2023,926.0
61,44,Buddy Boeheim,SF,23,DET,10,0,90,5,27,0.185,4,25,0.16,1,2,0.5,0.259,2,2,1.0,2,4,6,4,2,0,0,6,16,2022-2023,35.2
62,45,Bogdan Bogdanović,SG,30,ATL,54,9,1508,273,611,0.447,146,360,0.406,127,251,0.506,0.566,64,77,0.831,23,142,165,150,43,18,65,86,756,2022-2023,1297.0
63,46,Bojan Bogdanović,PF,33,DET,59,59,1893,430,882,0.488,145,353,0.411,285,529,0.539,0.57,268,303,0.884,36,187,223,152,34,8,135,113,1273,2022-2023,1759.6
64,47,Bol Bol,PF,23,ORL,70,33,1505,261,478,0.546,30,113,0.265,231,365,0.633,0.577,82,108,0.759,69,336,405,69,30,85,112,92,634,2022-2023,1456.5
65,48,Leandro Bolmaro,SF,22,UTA,14,0,68,3,20,0.15,0,4,0.0,3,16,0.188,0.15,0,0,0.768,4,3,7,7,3,1,7,10,6,2022-2023,29.9
66,49,Devin Booker,SG,26,PHO,53,53,1835,527,1067,0.494,111,316,0.351,416,751,0.554,0.546,306,358,0.855,46,194,240,293,51,18,145,159,1471,2022-2023,2260.5
67,50,Brandon Boston Jr.,SF,21,LAC,22,1,248,51,122,0.418,12,29,0.414,39,93,0.419,0.467,29,38,0.763,7,23,30,20,9,0,12,21,143,2022-2023,224.0
68,51,Chris Boucher,PF,30,TOR,76,0,1523,261,529,0.493,62,189,0.328,199,340,0.585,0.552,128,168,0.762,157,264,421,29,47,64,41,143,712,2022-2023,1552.7
69,52,James Bouknight,SG,22,CHO,34,0,515,69,193,0.358,33,109,0.303,36,84,0.429,0.443,20,30,0.667,8,64,72,41,14,5,32,49,191,2022-2023,363.9
70,53,Jamaree Bouyea,PG,23,TOT,5,0,71,6,14,0.429,2,6,0.333,4,8,0.5,0.5,1,2,0.5,1,5,6,4,4,2,4,6,15,2022-2023,42.2
73,54,Tony Bradley,C,25,CHI,12,0,33,6,12,0.5,3,5,0.6,3,7,0.429,0.625,4,4,1.0,1,10,11,1,1,1,1,2,19,2022-2023,38.7
74,55,Malaki Branham,SG,19,SAS,66,32,1550,269,611,0.44,77,255,0.302,192,356,0.539,0.503,58,70,0.829,28,153,181,127,33,7,76,115,673,2022-2023,1124.7
75,56,Jarrell Brantley,PF,26,UTA,4,0,39,8,14,0.571,4,9,0.444,4,5,0.8,0.714,2,2,1.0,1,5,6,3,0,2,2,3,22,2022-2023,37.7
76,57,Christian Braun,SG,21,DEN,76,6,1181,143,289,0.495,34,96,0.354,109,193,0.565,0.554,40,64,0.625,48,133,181,59,41,17,35,101,360,2022-2023,804.7
77,58,Mikal Bridges,SF-SG,26,TOT,83,83,2963,593,1267,0.468,169,442,0.382,424,825,0.514,0.535,316,353,0.895,79,285,364,273,91,61,127,159,1671,2022-2023,2846.3
80,59,Oshae Brissett,PF,24,IND,65,2,1083,123,319,0.386,48,155,0.31,75,164,0.457,0.461,104,145,0.717,62,156,218,44,33,13,34,79,398,2022-2023,829.5999999999999
81,60,Malcolm Brogdon,PG,30,BOS,67,0,1744,354,732,0.484,132,297,0.444,222,435,0.51,0.574,160,184,0.87,42,238,280,248,45,18,98,109,1000,2022-2023,1799.0
82,61,Dillon Brooks,SF,27,MEM,73,73,2214,392,991,0.396,143,439,0.326,249,552,0.451,0.468,120,154,0.779,45,199,244,189,65,16,104,240,1047,2022-2023,1762.3
83,62,Bruce Brown,SF,26,DEN,80,31,2280,358,741,0.483,91,254,0.358,267,487,0.548,0.545,116,153,0.758,63,265,328,268,87,51,123,190,923,2022-2023,2009.6
84,63,Greg Brown III,PF,21,POR,16,0,93,11,28,0.393,1,7,0.143,10,21,0.476,0.411,5,12,0.417,2,17,19,3,4,5,6,13,28,2022-2023,76.3
85,64,Jaylen Brown,SF,26,BOS,67,67,2405,679,1383,0.491,163,487,0.335,516,896,0.576,0.55,263,344,0.765,78,381,459,232,75,26,197,172,1784,2022-2023,2788.8
86,65,Kendall Brown,SG,19,IND,6,0,40,4,7,0.571,0,1,0.0,4,6,0.667,0.571,1,2,0.5,2,4,6,3,4,0,2,9,9,2022-2023,30.700000000000003
87,66,Moses Brown,C,23,TOT,36,1,294,61,96,0.635,0,0,0.348,61,96,0.635,0.635,33,72,0.458,57,82,139,4,4,14,15,39,155,2022-2023,366.79999999999995
90,67,Sterling Brown,SF,27,LAL,4,0,24,0,4,0.0,0,2,0.0,0,2,0.0,0.0,0,0,0.768,3,5,8,2,3,0,0,4,0,2022-2023,21.6
91,68,Troy Brown Jr.,SF,23,LAL,76,45,1860,200,465,0.43,107,281,0.381,93,184,0.505,0.545,34,39,0.872,62,246,308,95,59,16,49,120,541,2022-2023,1229.1
92,69,Jalen Brunson,PG,26,NYK,68,68,2379,587,1195,0.491,134,322,0.416,453,873,0.519,0.547,325,392,0.829,40,201,241,421,61,15,142,152,1633,2022-2023,2639.7
93,70,Thomas Bryant,C,25,TOT,59,26,1081,230,369,0.623,26,59,0.441,204,310,0.658,0.659,93,126,0.738,86,253,339,31,16,30,38,102,579,2022-2023,1132.3
96,71,Reggie Bullock,SF,31,DAL,78,55,2364,192,470,0.409,151,397,0.38,41,73,0.562,0.569,26,37,0.703,32,251,283,108,54,13,36,166,561,2022-2023,1227.6
97,72,Alec Burks,SG,31,DET,51,8,1122,200,459,0.436,99,239,0.414,101,220,0.459,0.544,153,188,0.814,19,139,158,114,38,8,58,98,652,2022-2023,1092.6
98,73,Deonte Burton,PF,29,SAC,2,0,6,0,2,0.0,0,1,0.0,0,1,0.0,0.0,0,0,0.768,0,0,0,0,0,0,0,0,0,2022-2023,0.0
99,74,Jared Butler,PG,22,OKC,6,1,77,15,32,0.469,7,14,0.5,8,18,0.444,0.578,0,0,0.768,1,3,4,8,5,0,5,5,37,2022-2023,63.8
100,75,Jimmy Butler,PF,33,MIA,64,64,2138,479,888,0.539,36,103,0.35,443,785,0.564,0.56,472,555,0.85,141,234,375,340,117,21,101,80,1466,2022-2023,2739.0
101,76,John Butler,C,20,POR,19,1,221,17,53,0.321,8,35,0.229,9,18,0.5,0.396,3,4,0.75,3,14,17,11,7,9,1,22,45,2022-2023,128.9
102,77,Jamal Cain,PF,23,MIA,18,0,240,37,66,0.561,7,20,0.35,30,46,0.652,0.614,17,22,0.773,15,37,52,12,11,1,6,21,98,2022-2023,208.4
103,78,Kentavious Caldwell-Pope,SG,29,DEN,76,76,2381,292,632,0.462,135,319,0.423,157,313,0.502,0.569,103,125,0.824,35,173,208,183,112,35,86,145,822,2022-2023,1701.1
104,79,Facundo Campazzo,PG,31,DAL,8,0,52,3,13,0.231,3,11,0.273,0,2,0.0,0.346,1,2,0.5,0,2,2,9,6,0,3,3,10,2022-2023,40.9
105,80,Vlatko Čančar,PF,25,DEN,60,9,889,108,227,0.476,43,115,0.374,65,112,0.58,0.57,38,41,0.927,24,104,128,80,22,14,37,84,297,2022-2023,641.6
106,81,Clint Capela,C,28,ATL,65,63,1730,350,536,0.653,0,1,0.0,350,535,0.654,0.653,79,131,0.603,258,459,717,58,45,79,54,139,779,2022-2023,2044.4
107,82,Vernon Carey Jr.,C,21,WAS,11,0,28,2,8,0.25,0,0,0.348,2,8,0.25,0.25,2,2,1.0,3,8,11,3,2,2,2,5,6,2022-2023,33.7
108,83,Jevon Carter,PG,27,MIL,81,39,1810,239,565,0.423,142,337,0.421,97,228,0.425,0.549,31,38,0.816,35,167,202,197,66,29,78,158,651,2022-2023,1395.9
109,84,Wendell Carter Jr.,C,23,ORL,57,54,1690,322,613,0.525,80,225,0.356,242,388,0.624,0.591,144,195,0.738,120,377,497,132,30,33,106,159,868,2022-2023,1745.4
110,85,Michael Carter-Williams,PG,31,ORL,4,0,44,6,14,0.429,1,3,0.333,5,11,0.455,0.464,4,7,0.571,1,4,5,7,1,1,4,5,17,2022-2023,35.5
111,86,Alex Caruso,PG,28,CHI,67,36,1575,130,286,0.455,55,151,0.364,75,135,0.556,0.551,59,73,0.808,42,154,196,193,98,46,77,159,374,2022-2023,1253.7
112,87,Julian Champagnie,SF,21,TOT,17,3,320,59,130,0.454,33,82,0.402,26,48,0.542,0.581,14,17,0.824,10,50,60,10,6,5,11,26,165,2022-2023,274.0
115,88,Justin Champagnie,SF,21,TOT,5,0,34,5,15,0.333,1,5,0.2,4,10,0.4,0.367,0,0,0.768,3,5,8,4,1,0,0,2,11,2022-2023,29.6
118,89,Kennedy Chandler,PG,20,MEM,36,0,281,35,83,0.422,2,15,0.133,33,68,0.485,0.434,6,13,0.462,9,29,38,58,12,5,18,15,78,2022-2023,243.60000000000002
119,90,Max Christie,SG,19,LAL,41,3,512,44,106,0.415,26,62,0.419,18,44,0.409,0.538,14,16,0.875,7,68,75,21,9,7,13,33,128,2022-2023,284.5
120,91,Josh Christopher,SG,21,HOU,64,2,786,153,329,0.465,21,89,0.236,132,240,0.55,0.497,45,60,0.75,20,51,71,73,33,15,60,59,372,2022-2023,650.7
121,92,Brandon Clarke,PF,26,MEM,56,8,1090,229,349,0.656,1,6,0.167,228,343,0.665,0.658,99,137,0.723,92,218,310,72,34,37,55,131,558,2022-2023,1196.0
122,93,Jordan Clarkson,SG,30,UTA,61,61,1988,458,1031,0.444,155,459,0.338,303,572,0.53,0.519,200,245,0.816,72,174,246,270,33,13,186,120,1271,2022-2023,1923.1999999999998
123,94,Nic Claxton,C,23,BRK,76,76,2271,414,587,0.705,0,2,0.0,414,585,0.708,0.705,133,246,0.541,184,518,702,144,65,189,96,212,961,2022-2023,2685.4
124,95,Amir Coffey,SF,25,LAC,50,9,625,56,145,0.386,11,40,0.275,45,105,0.429,0.424,49,63,0.778,17,36,53,53,7,5,21,50,172,2022-2023,330.1
125,96,John Collins,PF,25,ATL,71,71,2130,359,707,0.508,70,240,0.292,289,467,0.619,0.557,143,178,0.803,77,385,462,85,42,73,79,220,931,2022-2023,1878.9
126,97,Zach Collins,C,25,SAS,63,26,1441,284,548,0.518,55,147,0.374,229,401,0.571,0.568,108,142,0.761,116,286,402,180,37,49,129,199,731,2022-2023,1612.4
127,98,Chance Comanche,C,26,POR,1,0,21,3,5,0.6,0,0,0.348,3,5,0.6,0.6,1,4,0.25,2,1,3,0,0,1,0,0,7,2022-2023,13.6
128,99,Mike Conley,PG,35,TOT,67,66,2029,261,610,0.428,135,351,0.385,126,259,0.486,0.539,141,169,0.834,33,149,182,450,73,14,103,139,798,2022-2023,1849.4
131,100,Pat Connaughton,SF,30,MIL,61,33,1443,165,421,0.392,109,322,0.339,56,99,0.566,0.521,27,41,0.659,50,233,283,77,37,11,33,69,466,2022-2023,1032.1
132,101,Xavier Cooks,PF,27,WAS,10,1,126,17,28,0.607,0,1,0.0,17,27,0.63,0.607,4,10,0.4,16,22,38,6,6,4,8,13,38,2022-2023,114.6
133,102,Robert Covington,PF,32,LAC,48,0,779,102,229,0.445,54,136,0.397,48,93,0.516,0.563,30,40,0.75,31,135,166,57,38,33,32,86,288,2022-2023,753.7
134,103,Torrey Craig,PF,32,PHO,79,60,1948,228,500,0.456,100,253,0.395,128,247,0.518,0.556,32,45,0.711,145,281,426,117,50,62,73,179,588,2022-2023,1537.7
135,104,Jae Crowder,PF,32,MIL,18,3,340,45,94,0.479,24,55,0.436,21,39,0.538,0.606,10,12,0.833,17,52,69,27,12,6,7,27,124,2022-2023,294.3
136,105,Jarrett Culver,SF,23,ATL,10,1,137,17,43,0.395,1,12,0.083,16,31,0.516,0.407,9,13,0.692,10,28,38,6,6,2,7,14,44,2022-2023,115.6
137,106,Cade Cunningham,PG,21,DET,12,12,400,93,224,0.415,17,61,0.279,76,163,0.466,0.453,36,43,0.837,12,62,74,72,10,7,39,34,239,2022-2023,447.8
138,107,Seth Curry,SG,32,BRK,61,7,1211,208,449,0.463,94,232,0.405,114,217,0.525,0.568,51,55,0.927,13,87,100,99,36,7,51,96,561,2022-2023,907.5
139,108,Stephen Curry,PG,34,GSW,56,56,1941,559,1133,0.493,273,639,0.427,286,494,0.579,0.614,257,281,0.915,39,302,341,352,52,20,179,117,1648,2022-2023,2622.2
140,109,Dyson Daniels,PG,19,NOP,59,11,1042,87,208,0.418,27,86,0.314,60,122,0.492,0.483,26,40,0.65,36,152,188,134,43,11,57,99,227,2022-2023,758.6
141,110,Anthony Davis,C,29,LAL,56,54,1904,542,962,0.563,19,74,0.257,523,888,0.589,0.573,348,444,0.784,195,507,702,148,59,114,122,146,1451,2022-2023,2912.4
142,111,Johnny Davis,SG,20,WAS,28,5,423,66,171,0.386,17,70,0.243,49,101,0.485,0.436,14,27,0.519,10,55,65,28,10,8,17,48,163,2022-2023,320.0
143,112,Terence Davis,SG,25,SAC,64,5,841,154,364,0.423,89,243,0.366,65,121,0.537,0.545,34,43,0.791,20,119,139,67,43,12,53,104,431,2022-2023,810.3
144,113,JD Davison,SG,20,BOS,12,0,66,8,19,0.421,2,7,0.286,6,12,0.5,0.474,1,2,0.5,2,7,9,11,2,2,4,5,19,2022-2023,54.3
145,114,Darius Days,SF,23,HOU,4,0,25,5,12,0.417,3,10,0.3,2,2,1.0,0.542,2,2,1.0,1,5,6,1,0,1,0,2,15,2022-2023,26.7
146,115,Dewayne Dedmon,C,33,TOT,38,1,426,77,151,0.51,12,39,0.308,65,112,0.58,0.55,33,49,0.673,34,100,134,26,9,19,25,75,199,2022-2023,457.79999999999995
149,116,Matthew Dellavedova,PG,32,SAC,32,0,213,17,50,0.34,9,27,0.333,8,23,0.348,0.43,4,7,0.571,1,12,13,41,7,0,10,20,47,2022-2023,135.1
150,117,DeMar DeRozan,SF,33,CHI,74,74,2682,657,1303,0.504,46,142,0.324,611,1161,0.526,0.522,456,523,0.872,34,309,343,377,83,36,153,186,1816,2022-2023,2997.1
151,118,Moussa Diabaté,C,21,LAC,22,1,195,24,47,0.511,1,2,0.5,23,45,0.511,0.521,10,16,0.625,31,19,50,4,7,8,9,15,59,2022-2023,161.0
152,119,Mamadi Diakite,C,26,CLE,22,2,176,24,50,0.48,7,21,0.333,17,29,0.586,0.55,2,2,1.0,8,22,30,8,4,9,12,26,57,2022-2023,132.0
153,120,Hamidou Diallo,SF,24,DET,56,0,996,215,375,0.573,5,21,0.238,210,354,0.593,0.58,87,148,0.588,57,137,194,55,53,16,71,124,522,2022-2023,973.3
154,121,Gorgui Dieng,C,33,SAS,31,1,358,45,117,0.385,21,75,0.28,24,42,0.571,0.474,10,13,0.769,27,80,107,53,4,14,32,57,121,2022-2023,350.9
155,122,Ousmane Dieng,PF,19,OKC,39,1,569,76,181,0.42,26,98,0.265,50,83,0.602,0.492,15,23,0.652,19,86,105,46,14,7,26,42,193,2022-2023,425.0
156,123,Spencer Dinwiddie,SG-PG,29,TOT,79,79,2725,460,1050,0.438,181,490,0.369,279,560,0.498,0.524,268,330,0.812,28,242,270,515,67,24,145,187,1369,2022-2023,2593.5
159,124,Donte DiVincenzo,SG,26,GSW,72,36,1894,235,540,0.435,150,378,0.397,85,162,0.525,0.574,58,71,0.817,80,245,325,252,97,10,112,133,678,2022-2023,1655.0
160,125,Luka Dončić,PG,23,DAL,66,66,2391,719,1449,0.496,185,541,0.342,534,908,0.588,0.56,515,694,0.742,54,515,569,529,90,33,236,166,2138,2022-2023,3747.3
161,126,Tyler Dorsey,SF,26,DAL,3,0,8,4,5,0.8,1,2,0.5,3,3,1.0,0.9,0,0,0.768,1,1,2,0,0,0,0,0,9,2022-2023,11.4
162,127,Luguentz Dort,SF,23,OKC,74,73,2272,339,873,0.388,135,409,0.33,204,464,0.44,0.466,200,259,0.772,128,216,344,154,75,23,92,243,1013,2022-2023,1858.8
163,128,Ayo Dosunmu,SG,23,CHI,80,51,2098,281,570,0.493,59,189,0.312,222,381,0.583,0.545,66,82,0.805,45,175,220,206,62,26,99,182,687,2022-2023,1425.0
164,129,Devon Dotson,PG,23,WAS,6,0,53,1,10,0.1,1,4,0.25,0,6,0.0,0.15,0,0,0.768,6,4,10,8,5,0,3,9,3,2022-2023,39.0
165,130,Jeff Dowtin,PG,25,TOR,25,0,259,25,57,0.439,5,16,0.313,20,41,0.488,0.482,6,9,0.667,6,17,23,31,9,3,5,13,61,2022-2023,166.1
166,131,PJ Dozier,SF,26,SAC,16,0,79,10,33,0.303,2,16,0.125,8,17,0.471,0.333,0,0,0.768,1,13,14,10,6,1,5,7,22,2022-2023,69.8
167,132,Goran Dragić,PG,36,TOT,58,0,870,141,335,0.421,52,145,0.359,89,190,0.468,0.499,31,45,0.689,16,65,81,151,13,4,63,65,365,2022-2023,676.7
170,133,Andre Drummond,C,29,CHI,67,0,849,166,274,0.606,0,3,0.0,166,271,0.613,0.606,67,125,0.536,138,306,444,33,45,27,75,117,399,2022-2023,1122.3
171,134,Chris Duarte,SF,25,IND,46,12,897,123,333,0.369,55,174,0.316,68,159,0.428,0.452,61,72,0.847,19,96,115,64,25,9,41,65,362,2022-2023,657.0
172,135,David Duke Jr.,SG,23,BRK,23,0,228,36,78,0.462,1,12,0.083,35,66,0.53,0.468,12,17,0.706,11,18,29,21,10,1,18,31,85,2022-2023,166.3
173,136,Kris Dunn,PG,28,UTA,22,3,568,116,216,0.537,17,36,0.472,99,180,0.55,0.576,41,53,0.774,9,91,100,124,25,10,35,58,290,2022-2023,666.0
174,137,Kevin Durant,PF,34,TOT,47,47,1672,483,862,0.56,93,230,0.404,390,632,0.617,0.614,307,334,0.919,17,296,313,235,34,67,156,99,1366,2022-2023,2241.1
177,138,Jalen Duren,C,19,DET,67,31,1670,258,398,0.648,0,2,0.0,258,396,0.652,0.648,96,157,0.611,229,366,595,75,44,59,92,182,612,2022-2023,1655.5
178,139,Tari Eason,PF,21,HOU,82,5,1767,296,660,0.448,59,172,0.343,237,488,0.486,0.493,109,145,0.752,195,301,496,88,96,47,101,189,760,2022-2023,1815.1999999999998
179,140,Anthony Edwards,SG,21,MIN,79,79,2842,707,1541,0.459,213,578,0.369,494,963,0.513,0.528,319,422,0.756,47,411,458,350,125,58,259,186,1946,2022-2023,3310.6
180,141,Kessler Edwards,SF,22,TOT,36,4,385,36,93,0.387,17,55,0.309,19,38,0.5,0.478,11,15,0.733,23,38,61,23,14,6,13,40,100,2022-2023,254.7
183,142,Keon Ellis,SG,23,SAC,16,0,71,7,16,0.438,6,12,0.5,1,4,0.25,0.625,4,7,0.571,4,4,8,6,5,1,1,10,24,2022-2023,59.6
184,143,Joel Embiid,C,28,PHI,66,66,2284,728,1328,0.548,66,200,0.33,662,1128,0.587,0.573,661,771,0.857,113,557,670,274,66,112,226,205,2183,2022-2023,3706.0
185,144,Drew Eubanks,C,25,POR,78,28,1584,214,334,0.641,7,18,0.389,207,316,0.655,0.651,83,125,0.664,132,286,418,103,40,102,67,169,518,2022-2023,1533.1
186,145,Bruno Fernando,C,24,TOT,39,4,405,59,112,0.527,0,4,0.0,59,108,0.546,0.527,35,50,0.7,54,83,137,31,6,34,25,74,153,2022-2023,458.9
189,146,Dorian Finney-Smith,PF,29,TOT,66,66,2009,196,501,0.391,114,338,0.337,82,163,0.503,0.505,45,59,0.763,114,202,316,100,55,36,62,144,551,2022-2023,1291.2
192,147,Malachi Flynn,PG,24,TOR,53,2,691,87,242,0.36,47,133,0.353,40,109,0.367,0.457,25,33,0.758,15,61,76,70,21,4,25,65,246,2022-2023,492.20000000000005
193,148,Simone Fontecchio,SF,27,UTA,52,6,766,115,312,0.369,63,191,0.33,52,121,0.43,0.47,35,44,0.795,31,55,86,42,15,8,39,62,328,2022-2023,524.2
194,149,Bryn Forbes,SG,29,MIN,25,0,268,30,83,0.361,14,46,0.304,16,37,0.432,0.446,15,15,1.0,4,11,15,17,7,2,12,22,89,2022-2023,147.5
195,150,Trent Forrest,SG,24,ATL,23,3,277,25,60,0.417,0,2,0.0,25,58,0.431,0.417,2,3,0.667,5,32,37,38,7,2,15,17,52,2022-2023,165.4
196,151,Michael Foster Jr.,PF,20,PHI,1,0,1,0,0,0.456,0,0,0.348,0,0,0.535,0.54,0,0,0.768,0,0,0,0,0,0,0,0,0,2022-2023,0.0
197,152,Evan Fournier,SG,30,NYK,27,7,459,56,166,0.337,35,114,0.307,21,52,0.404,0.443,18,21,0.857,4,45,49,36,16,3,22,46,165,2022-2023,312.8
198,153,De'Aaron Fox,PG,25,SAC,73,73,2435,682,1331,0.512,119,367,0.324,563,964,0.584,0.557,343,440,0.78,40,266,306,447,83,23,181,172,1826,2022-2023,3000.7
199,154,Markelle Fultz,PG,24,ORL,60,60,1778,349,679,0.514,27,87,0.31,322,592,0.544,0.534,112,143,0.783,69,165,234,341,87,26,139,131,837,2022-2023,1829.3
200,155,Wenyen Gabriel,C,25,LAL,68,2,1024,155,260,0.596,10,36,0.278,145,224,0.647,0.615,52,84,0.619,116,170,286,36,26,35,46,144,372,2022-2023,906.2
201,156,Daniel Gafford,C,24,WAS,78,47,1604,289,395,0.732,0,0,0.348,289,395,0.732,0.732,127,187,0.679,163,270,433,84,33,99,85,187,705,2022-2023,1661.6
202,157,Darius Garland,PG,23,CLE,69,69,2447,522,1129,0.462,169,412,0.41,353,717,0.492,0.537,277,321,0.863,28,157,185,538,85,9,199,148,1490,2022-2023,2602.0
203,158,Usman Garuba,C,20,HOU,75,1,970,86,177,0.486,24,59,0.407,62,118,0.525,0.554,29,47,0.617,120,187,307,64,44,29,47,135,225,2022-2023,861.4
204,159,Luka Garza,C,24,MIN,28,0,243,63,116,0.543,14,39,0.359,49,77,0.636,0.603,41,52,0.788,33,30,63,18,3,2,14,43,181,2022-2023,284.6
205,160,Rudy Gay,PF,36,UTA,56,0,816,109,287,0.38,33,130,0.254,76,157,0.484,0.437,42,49,0.857,33,130,163,57,19,18,37,68,293,2022-2023,648.1
206,161,Paul George,SF,32,LAC,56,56,1939,459,1004,0.457,158,426,0.371,301,578,0.521,0.536,256,294,0.871,45,297,342,288,83,20,176,159,1332,2022-2023,2307.4
207,162,Taj Gibson,C,37,WAS,49,2,480,65,125,0.52,8,24,0.333,57,101,0.564,0.552,30,42,0.714,32,61,93,34,15,12,26,84,168,2022-2023,385.6
208,163,Josh Giddey,PF,20,OKC,76,76,2367,539,1118,0.482,76,234,0.325,463,884,0.524,0.516,106,145,0.731,148,451,599,469,57,31,211,143,1260,2022-2023,2735.3
209,164,Shai Gilgeous-Alexander,PG,24,OKC,68,68,2416,704,1381,0.51,58,168,0.345,646,1213,0.533,0.531,669,739,0.905,59,270,329,371,112,65,192,192,2135,2022-2023,3425.3
210,165,Anthony Gill,PF,30,WAS,59,8,624,71,132,0.538,4,29,0.138,67,103,0.65,0.553,49,67,0.731,37,62,99,34,7,12,15,70,195,2022-2023,406.8
211,166,Jacob Gilyard,PG,24,MEM,1,0,41,1,3,0.333,1,3,0.333,0,0,0.535,0.5,0,0,0.768,0,4,4,7,3,0,2,3,3,2022-2023,25.3
212,167,Rudy Gobert,C,30,MIN,70,70,2148,360,546,0.659,0,3,0.0,360,543,0.663,0.659,219,340,0.644,231,583,814,87,56,95,122,210,939,2022-2023,2377.3
213,168,Jordan Goodwin,PG,24,WAS,62,7,1106,158,353,0.448,38,118,0.322,120,235,0.511,0.501,53,69,0.768,57,148,205,168,58,26,57,95,407,2022-2023,1100.0
214,169,Aaron Gordon,PF,27,DEN,68,68,2055,429,761,0.564,60,173,0.347,369,588,0.628,0.603,191,314,0.608,164,282,446,203,54,51,98,129,1109,2022-2023,2165.7
215,170,Eric Gordon,SG,34,TOT,69,58,1965,291,653,0.446,132,356,0.371,159,297,0.535,0.547,142,173,0.821,16,118,134,183,43,25,104,78,856,2022-2023,1391.3
218,171,Devonte' Graham,PG,27,TOT,73,8,1338,161,431,0.374,119,338,0.352,42,93,0.452,0.512,98,131,0.748,19,103,122,196,45,16,53,79,539,2022-2023,1109.4
221,172,Jerami Grant,PF,28,POR,63,63,2246,434,913,0.475,144,359,0.401,290,554,0.523,0.554,278,342,0.813,53,230,283,150,51,53,116,152,1290,2022-2023,2050.6
222,173,RaiQuan Gray,PF,23,BRK,1,0,35,6,12,0.5,2,5,0.4,4,7,0.571,0.583,2,2,1.0,3,6,9,7,0,1,4,5,16,2022-2023,36.3
223,174,A.J. Green,SG,23,MIL,35,1,345,53,125,0.424,44,105,0.419,9,20,0.45,0.6,4,4,1.0,6,39,45,22,6,0,9,31,154,2022-2023,250.0
224,175,Danny Green,SG,35,TOT,11,0,138,22,49,0.449,16,37,0.432,6,12,0.5,0.612,1,1,1.0,3,11,14,6,6,3,10,16,61,2022-2023,103.8
227,176,Draymond Green,PF,32,GSW,73,73,2297,250,474,0.527,40,131,0.305,210,343,0.612,0.57,77,108,0.713,66,459,525,500,74,60,204,229,617,2022-2023,2195.0
228,177,Jalen Green,SG,20,HOU,76,76,2602,566,1359,0.416,187,554,0.338,379,805,0.471,0.485,364,463,0.786,43,241,284,281,59,18,200,131,1683,2022-2023,2476.3
229,178,JaMychal Green,PF,32,GSW,57,1,797,136,252,0.54,42,111,0.378,94,141,0.667,0.623,52,67,0.776,72,133,205,51,25,23,52,105,366,2022-2023,780.5
230,179,Javonte Green,SF,29,CHI,32,1,480,61,108,0.565,13,35,0.371,48,73,0.658,0.625,30,45,0.667,27,61,88,23,24,21,20,52,165,2022-2023,420.1
231,180,Jeff Green,PF,36,DEN,56,4,1091,160,328,0.488,30,104,0.288,130,224,0.58,0.534,87,117,0.744,38,106,144,69,18,17,46,99,437,2022-2023,772.3
232,181,Josh Green,SG,22,DAL,60,21,1539,205,382,0.537,68,169,0.402,137,213,0.643,0.626,68,94,0.723,55,127,182,103,42,5,72,156,546,2022-2023,987.9000000000001
233,182,AJ Griffin,SF,19,ATL,72,12,1401,248,533,0.465,101,259,0.39,147,274,0.536,0.56,42,47,0.894,37,116,153,73,42,12,42,87,639,2022-2023,1052.1
234,183,Blake Griffin,C,33,BOS,41,16,569,63,130,0.485,23,66,0.348,40,64,0.625,0.573,21,32,0.656,47,108,155,61,14,9,22,75,170,2022-2023,494.5
235,184,Quentin Grimes,SG,22,NYK,71,66,2121,282,602,0.468,157,407,0.386,125,195,0.641,0.599,78,98,0.796,49,180,229,150,47,26,69,177,799,2022-2023,1448.8
236,185,Rui Hachimura,PF,24,TOT,63,9,1466,284,584,0.486,51,160,0.319,233,424,0.55,0.53,88,119,0.739,53,230,283,58,19,26,53,72,707,2022-2023,1215.6
239,186,Tyrese Haliburton,PG,22,IND,56,56,1883,412,841,0.49,161,402,0.4,251,439,0.572,0.586,175,201,0.871,33,172,205,585,91,25,141,69,1160,2022-2023,2490.5
240,187,Jordan Hall,SF,21,SAS,9,0,83,9,28,0.321,3,15,0.2,6,13,0.462,0.375,7,9,0.778,3,9,12,11,1,0,7,6,28,2022-2023,54.9
241,188,R.J. Hampton,SG,21,TOT,47,3,750,102,237,0.43,41,116,0.353,61,121,0.504,0.517,57,76,0.75,18,69,87,54,27,9,42,51,302,2022-2023,553.4
244,189,Tim Hardaway Jr.,SF,30,DAL,71,45,2152,340,847,0.401,212,550,0.385,128,297,0.431,0.527,127,165,0.77,21,230,251,129,49,12,60,120,1019,2022-2023,1636.7
245,190,James Harden,PG,33,PHI,58,58,2135,371,842,0.441,161,418,0.385,210,424,0.495,0.536,313,361,0.867,40,314,354,618,71,31,195,112,1216,2022-2023,2678.8
246,191,Jaden Hardy,SG,20,DAL,48,5,708,146,333,0.438,63,156,0.404,83,177,0.469,0.533,65,79,0.823,11,78,89,65,17,7,46,64,420,2022-2023,650.3
247,192,Ron Harper Jr.,PF,22,TOR,9,0,48,8,16,0.5,3,9,0.333,5,7,0.714,0.594,1,1,1.0,3,4,7,4,0,1,0,3,20,2022-2023,37.4
248,193,Montrezl Harrell,C,29,PHI,57,7,681,125,209,0.598,0,6,0.0,125,203,0.616,0.598,70,101,0.693,67,92,159,33,17,25,35,75,320,2022-2023,651.3
249,194,Gary Harris,SG,28,ORL,48,42,1184,138,307,0.45,94,218,0.431,44,89,0.494,0.603,27,30,0.9,21,77,98,59,45,12,28,93,397,2022-2023,746.1
250,195,Joe Harris,SF,31,BRK,74,33,1527,201,440,0.457,142,333,0.426,59,107,0.551,0.618,18,28,0.643,23,141,164,101,34,13,41,140,562,2022-2023,1010.3
251,196,Kevon Harris,SG,25,ORL,34,0,457,47,107,0.439,16,43,0.372,31,64,0.484,0.514,31,41,0.756,28,42,70,16,17,5,21,53,141,2022-2023,294.0
252,197,Tobias Harris,SF,30,PHI,74,74,2436,423,845,0.501,126,324,0.389,297,521,0.57,0.575,113,129,0.876,67,357,424,186,68,40,89,149,1085,2022-2023,2107.8
253,198,Shaquille Harrison,SG,29,POR,5,0,120,15,36,0.417,3,10,0.3,12,26,0.462,0.458,11,15,0.733,1,21,22,30,11,2,6,12,44,2022-2023,148.4
254,199,Josh Hart,SF,27,TOT,76,52,2454,275,520,0.529,61,164,0.372,214,356,0.601,0.588,132,176,0.75,142,451,593,290,88,21,117,195,743,2022-2023,2099.6
257,200,Isaiah Hartenstein,C,24,NYK,82,8,1626,175,327,0.535,8,37,0.216,167,290,0.576,0.547,48,71,0.676,209,327,536,102,53,64,66,213,406,2022-2023,1487.1999999999998
258,201,Udonis Haslem,C,42,MIA,7,1,71,10,29,0.345,3,9,0.333,7,20,0.35,0.397,4,5,0.8,4,7,11,0,1,2,1,11,27,2022-2023,48.2
259,202,Sam Hauser,SF,25,BOS,80,8,1290,180,396,0.455,140,335,0.418,40,61,0.656,0.631,12,17,0.706,35,169,204,71,29,21,30,99,512,2022-2023,983.3
260,203,Jaxson Hayes,C,22,NOP,47,2,610,86,156,0.551,3,29,0.103,83,127,0.654,0.561,58,83,0.699,39,93,132,34,20,19,31,67,233,2022-2023,528.4
261,204,Killian Hayes,PG,21,DET,76,56,2154,307,815,0.377,80,286,0.28,227,529,0.429,0.426,92,112,0.821,28,193,221,470,104,28,173,219,786,2022-2023,1979.1999999999998
262,205,Gordon Hayward,SF,32,CHO,50,50,1577,276,581,0.475,52,160,0.325,224,421,0.532,0.52,129,159,0.811,33,182,215,206,42,12,99,70,733,2022-2023,1363.0
263,206,Juancho Hernangómez,PF,27,TOR,42,10,614,48,114,0.421,17,67,0.254,31,47,0.66,0.496,9,16,0.563,27,96,123,25,16,6,15,43,122,2022-2023,358.1
264,207,Willy Hernangómez,C,28,NOP,38,2,458,89,169,0.527,3,11,0.273,86,158,0.544,0.536,81,104,0.779,58,122,180,33,17,13,39,64,262,2022-2023,578.5
265,208,Tyler Herro,SG,23,MIA,67,67,2337,487,1109,0.439,203,537,0.378,284,572,0.497,0.531,170,182,0.934,27,333,360,280,51,16,158,101,1347,2022-2023,2242.0
266,209,Buddy Hield,SF,30,IND,80,73,2482,475,1038,0.458,288,677,0.425,187,361,0.518,0.596,106,129,0.822,67,333,400,225,92,26,139,156,1344,2022-2023,2376.5
267,210,Haywood Highsmith,PF,26,MIA,54,11,969,93,216,0.431,37,109,0.339,56,107,0.523,0.516,13,28,0.464,57,131,188,43,36,17,45,82,236,2022-2023,640.1
268,211,George Hill,PG-SG,36,TOT,46,1,834,78,166,0.47,34,95,0.358,44,71,0.62,0.572,42,55,0.764,15,70,85,110,26,6,34,55,232,2022-2023,561.0
271,212,Malcolm Hill,SF,27,CHI,5,0,9,2,4,0.5,1,3,0.333,1,1,1.0,0.625,0,0,0.768,0,3,3,0,0,0,0,1,5,2022-2023,8.6
272,213,Aaron Holiday,PG,26,ATL,63,6,845,92,220,0.418,36,88,0.409,56,132,0.424,0.5,27,32,0.844,25,49,74,89,37,12,36,79,247,2022-2023,580.3
273,214,Jrue Holiday,PG,32,MIL,67,65,2183,490,1023,0.479,158,411,0.384,332,612,0.542,0.556,152,177,0.859,79,262,341,495,79,25,197,116,1290,2022-2023,2556.7
274,215,Justin Holiday,SF,33,TOT,46,2,706,77,204,0.377,46,143,0.322,31,61,0.508,0.49,5,8,0.625,5,50,55,41,19,19,22,68,205,2022-2023,424.5
277,216,Richaun Holmes,C,29,SAC,42,1,348,55,89,0.618,5,8,0.625,50,81,0.617,0.646,15,19,0.789,29,51,80,9,3,11,14,50,130,2022-2023,267.5
278,217,Al Horford,C,36,BOS,63,63,1922,228,479,0.476,145,325,0.446,83,154,0.539,0.627,15,21,0.714,73,317,390,189,30,61,37,121,616,2022-2023,1603.5
279,218,Talen Horton-Tucker,SG,22,UTA,65,20,1313,257,613,0.419,58,203,0.286,199,410,0.485,0.467,126,168,0.75,41,169,210,246,41,29,126,108,698,2022-2023,1403.0
280,219,Danuel House Jr.,SF,29,PHI,56,5,807,93,197,0.472,37,110,0.336,56,87,0.644,0.566,45,60,0.75,9,85,94,44,14,9,26,69,268,2022-2023,489.79999999999995
281,220,Caleb Houstan,SF,20,ORL,51,4,812,66,182,0.363,46,136,0.338,20,46,0.435,0.489,15,18,0.833,34,65,99,30,12,7,18,63,193,2022-2023,395.8
282,221,Trevor Hudgins,PG,23,HOU,5,0,28,2,9,0.222,2,8,0.25,0,1,0.0,0.333,3,3,1.0,0,0,0,3,0,0,1,1,9,2022-2023,12.5
283,222,Kevin Huerter,SG,24,SAC,75,75,2203,420,866,0.485,205,510,0.402,215,356,0.604,0.603,95,131,0.725,42,209,251,221,80,24,97,181,1140,2022-2023,1987.6999999999998
284,223,Jay Huff,C,24,WAS,7,0,95,15,25,0.6,6,12,0.5,9,13,0.692,0.72,15,16,0.938,6,15,21,10,3,4,5,15,51,2022-2023,107.2
285,224,De'Andre Hunter,SF,25,ATL,67,67,2126,379,822,0.461,100,286,0.35,279,536,0.521,0.522,171,207,0.826,46,238,284,94,35,17,82,199,1029,2022-2023,1584.8
286,225,Bones Hyland,PG,22,TOT,56,1,1085,228,571,0.399,117,315,0.371,111,256,0.434,0.502,86,102,0.843,20,115,135,172,39,15,82,96,659,2022-2023,1159.0
289,226,Serge Ibaka,C,33,MIL,16,0,185,26,54,0.481,6,18,0.333,20,36,0.556,0.537,8,13,0.615,15,29,44,4,2,7,11,23,66,2022-2023,140.8
290,227,Andre Iguodala,PF,39,GSW,8,0,113,7,15,0.467,1,9,0.111,6,6,1.0,0.5,2,3,0.667,3,14,17,19,4,3,9,11,17,2022-2023,77.9
291,228,Joe Ingles,SF,35,MIL,46,0,1044,108,248,0.435,83,203,0.409,25,45,0.556,0.603,18,21,0.857,13,115,128,150,33,6,55,74,317,2022-2023,757.6
292,229,Brandon Ingram,SF,25,NOP,45,45,1538,404,835,0.484,64,164,0.39,340,671,0.507,0.522,240,272,0.882,23,223,246,262,32,19,148,116,1112,2022-2023,1805.2
293,230,Kyrie Irving,PG-SG,30,TOT,60,60,2241,594,1203,0.494,188,496,0.379,406,707,0.574,0.572,247,273,0.905,59,245,304,331,66,45,128,165,1623,2022-2023,2689.3
296,231,Jonathan Isaac,PF,25,ORL,11,0,124,22,53,0.415,6,15,0.4,16,38,0.421,0.472,5,9,0.556,15,29,44,6,14,4,4,5,55,2022-2023,166.8
297,232,Jaden Ivey,SG,20,DET,74,73,2304,409,983,0.416,120,350,0.343,289,633,0.457,0.477,266,356,0.747,73,215,288,387,61,17,237,242,1204,2022-2023,2127.1
298,233,Frank Jackson,PG,24,UTA,1,0,5,0,3,0.0,0,1,0.0,0,2,0.0,0.0,0,0,0.768,1,1,2,1,0,0,0,0,0,2022-2023,3.9
299,234,Isaiah Jackson,C,21,IND,63,12,1042,179,318,0.563,2,14,0.143,177,304,0.582,0.566,95,146,0.651,113,169,282,51,31,93,51,154,455,2022-2023,1190.9
300,235,Jaren Jackson Jr.,C,23,MEM,63,63,1787,416,822,0.506,100,282,0.355,316,540,0.585,0.567,241,306,0.788,108,318,426,60,65,189,107,227,1173,2022-2023,2429.2
301,236,Justin Jackson,SF,27,BOS,23,0,107,7,27,0.259,5,20,0.25,2,7,0.286,0.352,1,2,0.5,2,15,17,9,4,4,2,7,20,2022-2023,75.9
302,237,Quenton Jackson,PG,24,WAS,9,0,135,19,42,0.452,1,12,0.083,18,30,0.6,0.464,17,22,0.773,2,6,8,15,4,1,4,10,56,2022-2023,99.1
303,238,Reggie Jackson,PG,32,TOT,68,40,1657,263,640,0.411,96,288,0.333,167,352,0.474,0.486,71,78,0.91,25,119,144,233,47,6,115,114,693,2022-2023,1259.3
306,239,LeBron James,PF,38,LAL,55,54,1954,609,1219,0.5,121,377,0.321,488,842,0.58,0.549,251,327,0.768,65,392,457,375,50,32,178,88,1590,2022-2023,2768.9
307,240,Ty Jerome,SG,25,GSW,45,2,816,118,242,0.488,35,90,0.389,83,152,0.546,0.56,38,41,0.927,7,71,78,135,23,5,30,64,309,2022-2023,659.1
308,241,Isaiah Joe,SG,23,OKC,73,10,1395,224,508,0.441,161,394,0.409,63,114,0.553,0.599,82,100,0.82,27,148,175,88,48,8,39,105,691,2022-2023,1162.0
309,242,Alize Johnson,PF,26,SAS,4,0,30,3,6,0.5,0,2,0.0,3,4,0.75,0.5,1,2,0.5,2,8,10,1,1,0,4,3,7,2022-2023,19.5
310,243,Cameron Johnson,PF,26,TOT,42,41,1199,223,474,0.47,103,255,0.404,120,219,0.548,0.579,101,120,0.842,34,151,185,78,50,14,37,83,650,2022-2023,1144.0
313,244,Jalen Johnson,SF,21,ATL,70,6,1042,158,322,0.491,30,104,0.288,128,218,0.587,0.537,49,78,0.628,51,231,282,83,38,34,41,113,395,2022-2023,1032.9
314,245,James Johnson,PF,35,IND,18,1,162,22,49,0.449,3,15,0.2,19,34,0.559,0.48,4,8,0.5,4,26,30,15,7,6,8,32,51,2022-2023,140.5
315,246,Keldon Johnson,SF,23,SAS,63,63,2063,503,1113,0.452,134,407,0.329,369,706,0.523,0.512,245,327,0.749,56,262,318,183,46,11,134,125,1385,2022-2023,2078.1
316,247,Keon Johnson,SG,20,POR,40,0,416,67,178,0.376,28,81,0.346,39,97,0.402,0.455,27,41,0.659,11,33,44,59,19,6,43,43,189,2022-2023,362.3
317,248,Stanley Johnson,SF,26,SAS,30,0,469,65,122,0.533,18,40,0.45,47,82,0.573,0.607,26,39,0.667,22,73,95,67,16,6,33,48,174,2022-2023,421.5
318,249,Nikola Jokić,C,27,DEN,69,69,2323,646,1022,0.632,57,149,0.383,589,873,0.675,0.66,341,415,0.822,167,650,817,678,87,47,247,174,1690,2022-2023,3842.4
319,250,Carlik Jones,PG,25,CHI,7,0,56,6,15,0.4,3,6,0.5,3,9,0.333,0.5,5,8,0.625,1,4,5,6,2,0,2,2,20,2022-2023,39.0
320,251,Damian Jones,C,27,TOT,41,1,477,55,86,0.64,10,17,0.588,45,69,0.652,0.698,22,29,0.759,42,80,122,15,8,21,23,55,142,2022-2023,374.9
323,252,Derrick Jones Jr.,PF,25,CHI,64,0,893,115,230,0.5,27,80,0.338,88,150,0.587,0.559,62,84,0.738,60,93,153,34,29,37,25,86,319,2022-2023,726.6
324,253,Herbert Jones,PF,24,NOP,66,66,1951,235,501,0.469,56,167,0.335,179,334,0.536,0.525,123,161,0.764,97,172,269,162,103,42,88,208,649,2022-2023,1561.8
325,254,Kai Jones,C,22,CHO,46,0,550,67,120,0.558,4,19,0.211,63,101,0.624,0.575,19,26,0.731,37,86,123,15,17,30,31,65,157,2022-2023,437.1
326,255,Tre Jones,PG,23,SAS,68,65,1984,341,743,0.459,45,158,0.285,296,585,0.506,0.489,148,172,0.86,56,189,245,448,89,9,110,98,875,2022-2023,2025.0
327,256,Tyus Jones,PG,26,MEM,80,22,1940,311,710,0.438,121,326,0.371,190,384,0.495,0.523,80,100,0.8,28,172,200,417,83,6,74,32,823,2022-2023,1881.5
328,257,DeAndre Jordan,C,34,DEN,39,8,586,88,115,0.765,1,1,1.0,87,114,0.763,0.77,22,48,0.458,52,150,202,34,12,23,48,71,199,2022-2023,549.4
329,258,Cory Joseph,PG,31,DET,62,2,1227,150,351,0.427,70,180,0.389,80,171,0.468,0.527,57,72,0.792,21,85,106,217,34,9,56,88,427,2022-2023,952.7
330,259,Nikola Jović,PF,19,MIA,15,8,204,28,69,0.406,8,35,0.229,20,34,0.588,0.464,18,19,0.947,9,22,31,10,7,2,10,19,82,2022-2023,151.2
331,260,Johnny Juzang,SG,21,UTA,18,0,232,35,104,0.337,15,63,0.238,20,41,0.488,0.409,2,4,0.5,8,31,39,8,4,3,3,13,87,2022-2023,163.8
332,261,Mfiondu Kabengele,PF,25,BOS,4,0,36,2,7,0.286,0,3,0.0,2,4,0.5,0.286,2,2,1.0,5,5,10,0,2,0,1,3,6,2022-2023,23.0
333,262,Frank Kaminsky,C,29,TOT,36,0,235,31,63,0.492,13,33,0.394,18,30,0.6,0.595,14,16,0.875,7,45,52,32,6,4,9,22,89,2022-2023,220.4
336,263,Trevor Keels,SG,19,NYK,3,0,8,1,4,0.25,1,4,0.25,0,0,0.535,0.375,0,0,0.768,0,2,2,0,0,0,0,0,3,2022-2023,5.4
337,264,Luke Kennard,SG,26,TOT,59,14,1315,188,382,0.492,133,269,0.494,55,113,0.487,0.666,37,39,0.949,15,143,158,91,32,5,46,82,546,2022-2023,937.1
340,265,Walker Kessler,C,21,UTA,74,40,1703,298,414,0.72,1,3,0.333,297,411,0.723,0.721,82,159,0.516,231,389,620,69,26,173,58,169,679,2022-2023,2065.5
341,266,Braxton Key,SF,25,DET,3,0,9,1,1,1.0,0,0,0.348,1,1,1.0,1.0,2,2,1.0,0,1,1,0,0,0,0,0,4,2022-2023,5.2
342,267,Louis King,PF,23,PHI,1,0,29,8,13,0.615,4,8,0.5,4,5,0.8,0.769,0,1,0.0,2,2,4,2,1,0,2,4,20,2022-2023,28.8
343,268,Corey Kispert,SF,23,WAS,74,45,2093,291,585,0.497,163,384,0.424,128,201,0.637,0.637,75,88,0.852,33,174,207,87,32,9,55,97,820,2022-2023,1266.9
344,269,Maxi Kleber,PF,31,DAL,37,5,930,77,169,0.456,39,112,0.348,38,57,0.667,0.571,27,38,0.711,30,105,135,52,12,30,27,85,220,2022-2023,559.0
345,270,Nathan Knight,C,25,MIN,38,0,291,46,81,0.568,8,22,0.364,38,59,0.644,0.617,39,57,0.684,22,34,56,13,10,6,21,41,139,2022-2023,252.7
346,271,Kevin Knox,SF-PF,23,TOT,63,5,952,152,332,0.458,65,186,0.349,87,146,0.596,0.556,46,60,0.767,34,143,177,33,24,12,50,95,415,2022-2023,734.9
349,272,Christian Koloko,C,22,TOR,58,19,802,72,150,0.48,1,12,0.083,71,138,0.514,0.483,37,59,0.627,84,87,171,31,21,57,20,128,182,2022-2023,647.7
350,273,John Konchar,SF,26,MEM,72,23,1494,138,320,0.431,60,177,0.339,78,143,0.545,0.525,28,36,0.778,64,246,310,100,77,25,37,112,364,2022-2023,1155.0
351,274,Furkan Korkmaz,SG,25,PHI,37,0,353,48,111,0.432,18,46,0.391,30,65,0.462,0.514,26,36,0.722,6,36,42,22,10,3,24,18,140,2022-2023,238.39999999999998
352,275,Luke Kornet,C,27,BOS,69,0,804,113,170,0.665,3,13,0.231,110,157,0.701,0.674,32,39,0.821,86,111,197,53,11,46,25,81,261,2022-2023,722.9
353,276,Vit Krejci,PG,22,ATL,29,0,165,15,37,0.405,5,21,0.238,10,16,0.625,0.473,1,2,0.5,6,20,26,17,5,1,5,17,36,2022-2023,105.7
354,277,Jonathan Kuminga,PF,20,GSW,67,16,1394,261,497,0.525,54,146,0.37,207,351,0.59,0.579,90,138,0.652,70,161,231,125,41,31,95,157,666,2022-2023,1251.7
355,278,Kyle Kuzma,PF,27,WAS,64,64,2239,512,1142,0.448,160,481,0.333,352,661,0.533,0.518,173,237,0.73,55,408,463,239,36,29,190,145,1357,2022-2023,2276.1
356,279,Anthony Lamb,SF,25,GSW,62,4,1195,148,314,0.471,73,199,0.367,75,115,0.652,0.588,46,60,0.767,56,159,215,96,28,20,54,134,415,2022-2023,907.0
357,280,Jock Landale,C,27,PHO,69,4,979,178,337,0.528,21,84,0.25,157,253,0.621,0.559,79,105,0.752,119,161,280,68,16,30,59,126,456,2022-2023,973.0
358,281,Romeo Langford,SG,23,SAS,43,21,844,121,259,0.467,16,61,0.262,105,198,0.53,0.498,39,56,0.696,57,57,114,50,24,13,30,67,297,2022-2023,589.8
359,282,Jake LaRavia,PF,21,MEM,35,0,414,37,95,0.389,24,71,0.338,13,24,0.542,0.516,7,9,0.778,19,44,63,21,12,4,18,49,105,2022-2023,242.10000000000002
360,283,Zach LaVine,SG,27,CHI,77,77,2768,673,1388,0.485,204,544,0.375,469,844,0.556,0.558,363,428,0.848,42,303,345,327,69,18,194,159,1913,2022-2023,2884.5
361,284,A.J. Lawson,SG,22,TOT,15,0,108,22,44,0.5,10,25,0.4,12,19,0.632,0.614,2,8,0.25,6,15,21,2,2,0,3,11,56,2022-2023,87.2
364,285,Damion Lee,SG,30,PHO,74,5,1506,200,452,0.442,110,247,0.445,90,205,0.439,0.564,94,104,0.904,39,186,225,99,30,7,78,118,604,2022-2023,1055.5
365,286,Saben Lee,PG,23,TOT,25,1,373,49,121,0.405,11,30,0.367,38,91,0.418,0.45,42,57,0.737,13,32,45,67,19,1,24,32,151,2022-2023,341.5
368,287,Alex Len,C,29,SAC,26,2,161,16,30,0.533,0,2,0.0,16,28,0.571,0.533,11,16,0.688,24,36,60,12,4,11,16,28,43,2022-2023,162.0
369,288,Kawhi Leonard,SF,31,LAC,52,50,1748,446,871,0.512,104,250,0.416,342,621,0.551,0.572,243,279,0.871,57,281,338,204,72,28,88,84,1239,2022-2023,2162.6
370,289,Meyers Leonard,C,30,MIL,9,2,114,14,29,0.483,7,18,0.389,7,11,0.636,0.603,8,9,0.889,12,22,34,1,2,0,6,16,43,2022-2023,85.3
371,290,Caris LeVert,SG,28,CLE,74,30,2237,320,742,0.431,127,324,0.392,193,418,0.462,0.517,130,180,0.722,53,229,282,287,72,24,116,170,897,2022-2023,1837.9
372,291,Kira Lewis Jr.,PG,21,NOP,25,0,235,40,88,0.455,15,34,0.441,25,54,0.463,0.54,19,22,0.864,5,28,33,23,10,2,10,24,114,2022-2023,214.1
373,292,Damian Lillard,PG,32,POR,58,58,2107,556,1202,0.463,244,658,0.371,312,544,0.574,0.564,510,558,0.914,44,233,277,425,50,18,191,109,1866,2022-2023,2848.9
374,293,Nassir Little,SF,22,POR,54,4,976,134,303,0.442,58,158,0.367,76,145,0.524,0.538,33,46,0.717,27,114,141,50,20,20,36,66,359,2022-2023,687.2
375,294,Isaiah Livers,PF,24,DET,52,22,1199,120,288,0.417,74,203,0.365,46,85,0.541,0.545,32,39,0.821,28,115,143,41,28,28,30,103,346,2022-2023,717.1
376,295,Kenneth Lofton Jr.,PF,20,MEM,24,1,176,49,93,0.527,6,17,0.353,43,76,0.566,0.559,16,27,0.593,19,32,51,20,5,2,12,28,120,2022-2023,220.2
377,296,Kevon Looney,C,26,GSW,82,70,1958,242,384,0.63,0,1,0.0,242,383,0.632,0.63,94,155,0.606,274,486,760,207,52,50,45,225,578,2022-2023,2061.5
378,297,Brook Lopez,C,34,MIL,78,78,2373,477,899,0.531,136,364,0.374,341,535,0.637,0.606,149,190,0.784,157,363,520,99,37,193,107,203,1239,2022-2023,2594.5
379,298,Robin Lopez,C,34,CLE,37,2,299,48,75,0.64,2,4,0.5,46,71,0.648,0.653,14,18,0.778,23,28,51,19,2,8,25,43,112,2022-2023,206.7
380,299,Kevin Love,PF,34,TOT,62,20,1240,165,424,0.389,99,296,0.334,66,128,0.516,0.506,80,91,0.879,59,340,399,116,16,12,70,97,509,2022-2023,1175.8
383,300,Kyle Lowry,PG,36,MIA,55,44,1718,196,485,0.404,107,310,0.345,89,175,0.509,0.514,116,135,0.859,43,182,225,281,57,21,103,143,615,2022-2023,1437.5
384,301,Trey Lyles,PF,27,SAC,74,0,1247,187,408,0.458,87,240,0.363,100,168,0.595,0.565,101,124,0.815,68,232,300,66,27,31,64,97,562,2022-2023,1131.0
385,302,Théo Maledon,PG,21,CHO,44,7,854,102,254,0.402,28,95,0.295,74,159,0.465,0.457,63,74,0.851,14,109,123,152,37,12,59,61,295,2022-2023,758.6
386,303,Sandro Mamukelashvili,C,23,TOT,43,7,660,97,230,0.422,30,99,0.303,67,131,0.511,0.487,39,57,0.684,70,115,185,62,14,12,35,52,263,2022-2023,621.0
389,304,Terance Mann,SG,26,LAC,81,36,1872,272,524,0.519,77,198,0.389,195,326,0.598,0.593,92,118,0.78,77,199,276,184,42,22,80,149,713,2022-2023,1432.2
390,305,Tre Mann,PG,21,OKC,67,5,1183,197,501,0.393,81,257,0.315,116,244,0.475,0.474,42,55,0.764,27,128,155,120,40,11,62,99,517,2022-2023,974.0
391,306,Boban Marjanović,C,34,HOU,31,0,171,41,60,0.683,0,1,0.0,41,59,0.695,0.683,20,27,0.741,20,40,60,9,5,2,14,10,102,2022-2023,194.5
392,307,Lauri Markkanen,PF,25,UTA,66,66,2273,571,1145,0.499,200,511,0.391,371,634,0.585,0.586,349,399,0.875,130,440,570,123,42,38,127,137,1691,2022-2023,2672.5
393,308,Naji Marshall,SF,25,NOP,77,21,1792,247,571,0.433,66,218,0.303,181,353,0.513,0.49,138,175,0.789,48,231,279,189,54,14,97,113,698,2022-2023,1423.3
394,309,Caleb Martin,SF,27,MIA,71,49,2077,254,548,0.464,84,236,0.356,170,312,0.545,0.54,91,113,0.805,88,256,344,117,71,31,78,145,683,2022-2023,1499.3
395,310,Cody Martin,SF,27,CHO,7,0,134,14,36,0.389,3,14,0.214,11,22,0.5,0.431,4,7,0.571,8,16,24,11,4,1,2,13,35,2022-2023,93.3
396,311,Kenyon Martin Jr.,SF,22,HOU,82,49,2292,410,720,0.569,68,216,0.315,342,504,0.679,0.617,151,222,0.68,126,326,452,123,41,30,91,147,1039,2022-2023,1887.9
397,312,Tyrese Martin,SG,23,ATL,16,0,66,9,23,0.391,1,7,0.143,8,16,0.5,0.413,2,2,1.0,5,7,12,2,1,0,2,2,21,2022-2023,39.4
398,313,Garrison Mathews,SG,26,TOT,54,0,686,73,201,0.363,63,180,0.35,10,21,0.476,0.52,48,53,0.906,11,62,73,26,24,5,19,62,257,2022-2023,451.6
401,314,Bennedict Mathurin,SG,20,IND,78,17,2222,413,951,0.434,100,310,0.323,313,641,0.488,0.487,376,454,0.828,87,231,318,116,48,13,152,162,1302,2022-2023,1888.6
402,315,Wesley Matthews,SF,36,MIL,52,0,820,58,160,0.363,39,124,0.315,19,36,0.528,0.484,24,28,0.857,34,79,113,34,20,13,18,71,179,2022-2023,446.6
403,316,Tyrese Maxey,SG,22,PHI,60,41,2016,439,913,0.481,160,369,0.434,279,544,0.513,0.568,180,213,0.845,23,153,176,212,49,8,80,132,1218,2022-2023,1838.2
404,317,Skylar Mays,PG,25,POR,6,6,189,34,68,0.5,12,26,0.462,22,42,0.524,0.588,12,13,0.923,2,17,19,50,6,1,10,11,92,2022-2023,200.8
405,318,Miles McBride,PG,22,NYK,64,2,760,77,215,0.358,40,134,0.299,37,81,0.457,0.451,28,42,0.667,13,37,50,72,37,8,25,60,222,2022-2023,500.0
406,319,Mac McClung,SG,24,PHI,2,0,41,9,20,0.45,4,11,0.364,5,9,0.556,0.55,3,5,0.6,3,7,10,9,0,0,3,3,25,2022-2023,47.5
407,320,CJ McCollum,SG,31,NOP,75,75,2649,587,1344,0.437,211,543,0.389,376,801,0.469,0.515,183,238,0.769,55,273,328,429,70,38,183,153,1568,2022-2023,2746.1
408,321,T.J. McConnell,PG,30,IND,75,6,1526,283,521,0.543,26,59,0.441,257,462,0.556,0.568,58,68,0.853,45,189,234,397,81,10,143,105,650,2022-2023,1656.3
409,322,Jaden McDaniels,SF,22,MIN,79,79,2416,370,716,0.517,107,269,0.398,263,447,0.588,0.591,106,144,0.736,92,215,307,148,74,76,112,272,953,2022-2023,1881.4
410,323,Jalen McDaniels,SF,25,TOT,80,24,1913,281,617,0.455,77,232,0.332,204,385,0.53,0.518,116,138,0.841,63,283,346,130,83,34,93,209,755,2022-2023,1623.2
413,324,Doug McDermott,SF,31,SAS,64,0,1314,239,523,0.457,123,298,0.413,116,225,0.516,0.575,53,70,0.757,24,115,139,91,13,6,58,118,654,2022-2023,956.3
414,325,JaVale McGee,C,35,DAL,42,7,355,80,125,0.64,2,5,0.4,78,120,0.65,0.648,24,41,0.585,30,77,107,11,4,26,36,54,186,2022-2023,384.9
415,326,Bryce McGowens,SG,20,CHO,46,7,787,80,202,0.396,26,80,0.325,54,122,0.443,0.46,60,80,0.75,20,73,93,54,15,6,43,48,246,2022-2023,458.6
416,327,Rodney McGruder,SG,31,DET,32,12,524,62,152,0.408,41,97,0.423,21,55,0.382,0.543,18,22,0.818,20,54,74,28,16,1,11,39,183,2022-2023,353.8
417,328,Jordan McLaughlin,PG,26,MIN,43,0,678,61,145,0.421,24,78,0.308,37,67,0.552,0.503,15,18,0.833,15,47,62,148,32,4,33,28,161,2022-2023,532.4
418,329,De'Anthony Melton,SG,24,PHI,77,58,2150,277,651,0.425,157,403,0.39,120,248,0.484,0.546,69,87,0.793,69,243,312,197,126,41,102,191,780,2022-2023,1848.9
419,330,Sam Merrill,SG,26,CLE,5,0,59,9,22,0.409,5,18,0.278,4,4,1.0,0.523,2,2,1.0,0,9,9,5,4,0,0,3,25,2022-2023,55.3
420,331,Chimezie Metu,PF,25,SAC,66,0,689,129,219,0.589,9,38,0.237,120,181,0.663,0.61,54,73,0.74,47,151,198,40,22,21,32,81,321,2022-2023,715.6
421,332,Khris Middleton,SF,31,MIL,33,19,801,177,406,0.436,51,162,0.315,126,244,0.516,0.499,92,102,0.902,28,112,140,163,23,5,71,68,497,2022-2023,922.5
422,333,Patty Mills,PG,34,BRK,40,2,567,86,209,0.411,49,134,0.366,37,75,0.493,0.529,25,30,0.833,8,36,44,56,15,3,30,32,246,2022-2023,406.8
423,334,Shake Milton,SG,26,PHI,76,11,1567,241,503,0.479,56,148,0.378,185,355,0.521,0.535,99,116,0.853,39,152,191,240,25,13,94,123,637,2022-2023,1246.2
424,335,Justin Minaya,SF,23,POR,4,0,89,7,23,0.304,3,12,0.25,4,11,0.364,0.37,0,1,0.0,3,12,15,4,2,5,4,9,17,2022-2023,58.0
425,336,Josh Minott,SF,20,MIN,15,0,96,18,36,0.5,2,6,0.333,16,30,0.533,0.528,8,8,1.0,5,20,25,5,4,6,3,10,46,2022-2023,110.5
426,337,Davion Mitchell,PG,24,SAC,80,9,1447,181,399,0.454,63,197,0.32,118,202,0.584,0.533,25,31,0.806,16,89,105,185,44,15,62,112,450,2022-2023,968.5
427,338,Donovan Mitchell,SG,26,CLE,68,68,2432,679,1402,0.484,245,635,0.386,434,767,0.566,0.572,319,368,0.867,63,226,289,301,99,27,180,168,1922,2022-2023,2918.3
428,339,Evan Mobley,PF,21,CLE,79,79,2715,525,947,0.554,22,102,0.216,503,845,0.595,0.566,205,304,0.674,187,524,711,224,60,119,146,218,1277,2022-2023,2857.2
429,340,Isaiah Mobley,PF,23,CLE,12,0,84,12,28,0.429,3,8,0.375,9,20,0.45,0.482,4,4,1.0,4,16,20,3,4,3,1,8,31,2022-2023,79.5
430,341,Chima Moneke,SF,27,SAC,2,0,8,1,2,0.5,0,0,0.348,1,2,0.5,0.5,0,2,0.0,2,0,2,1,0,0,2,2,2,2022-2023,3.9000000000000004
431,342,Malik Monk,SG,24,SAC,77,0,1719,357,796,0.448,143,398,0.359,214,398,0.538,0.538,184,207,0.889,32,171,203,298,49,20,146,125,1041,2022-2023,1792.6
432,343,Moses Moody,SG,20,GSW,63,3,817,108,227,0.476,49,135,0.363,59,92,0.641,0.584,37,53,0.698,28,77,105,51,18,7,34,54,302,2022-2023,545.5
433,344,Xavier Moon,SG,28,LAC,4,0,20,3,9,0.333,1,3,0.333,2,6,0.333,0.389,0,0,0.768,0,3,3,5,0,0,1,2,7,2022-2023,17.1
434,345,Wendell Moore Jr.,SG,21,MIN,29,2,153,18,43,0.419,2,17,0.118,16,26,0.615,0.442,4,5,0.8,4,14,18,18,8,5,8,13,42,2022-2023,121.6
435,346,Ja Morant,PG,23,MEM,61,59,1948,566,1214,0.466,92,300,0.307,474,914,0.519,0.504,372,497,0.748,61,296,357,493,66,16,206,100,1596,2022-2023,2803.9
436,347,Marcus Morris,PF,33,LAC,65,65,1825,274,643,0.426,112,308,0.364,162,335,0.484,0.513,68,87,0.782,29,229,258,114,42,21,56,136,728,2022-2023,1341.6
437,348,Markieff Morris,PF,33,TOT,35,2,355,47,115,0.409,28,71,0.394,19,44,0.432,0.53,10,10,1.0,13,58,71,31,9,5,18,48,132,2022-2023,287.7
440,349,Monte Morris,PG,27,WAS,62,61,1695,247,515,0.48,78,204,0.382,169,311,0.543,0.555,64,77,0.831,26,184,210,326,43,13,60,75,636,2022-2023,1485.0
441,350,Trey Murphy III,SF,22,NOP,79,65,2448,387,800,0.484,202,497,0.406,185,303,0.611,0.61,172,190,0.905,59,222,281,112,89,43,61,155,1148,2022-2023,1988.1999999999998
442,351,Dejounte Murray,SG,26,ATL,74,74,2693,612,1319,0.464,133,387,0.344,479,932,0.514,0.514,158,190,0.832,53,336,389,448,112,19,160,106,1515,2022-2023,2886.8
443,352,Jamal Murray,PG,25,DEN,65,65,2133,473,1041,0.454,172,432,0.398,301,609,0.494,0.537,180,216,0.833,48,209,257,400,66,16,145,103,1298,2022-2023,2307.4
444,353,Keegan Murray,SF,22,SAC,80,78,2382,354,782,0.453,206,501,0.411,148,281,0.527,0.584,62,81,0.765,89,282,371,98,61,42,60,162,976,2022-2023,1817.2
445,354,Mike Muscala,C,31,TOT,63,9,945,131,292,0.449,81,207,0.391,50,85,0.588,0.587,40,52,0.769,37,166,203,50,15,24,23,98,383,2022-2023,795.6
448,355,Svi Mykhailiuk,SF,25,TOT,32,8,468,77,173,0.445,42,99,0.424,35,74,0.473,0.566,26,39,0.667,15,38,53,53,15,4,24,23,222,2022-2023,398.1
451,356,Larry Nance Jr.,C,30,NOP,65,1,1381,186,305,0.61,14,42,0.333,172,263,0.654,0.633,55,79,0.696,106,248,354,119,56,37,42,133,441,2022-2023,1281.3
452,357,Andrew Nembhard,SG,23,IND,75,63,2073,284,644,0.441,92,263,0.35,192,381,0.504,0.512,49,62,0.79,35,164,199,341,70,13,126,179,709,2022-2023,1582.3
453,358,Aaron Nesmith,SF,23,IND,73,60,1816,252,590,0.427,115,314,0.366,137,276,0.496,0.525,119,142,0.838,62,215,277,98,55,34,75,235,738,2022-2023,1409.4
454,359,Raul Neto,PG,30,CLE,48,1,505,57,110,0.518,12,42,0.286,45,68,0.662,0.573,31,34,0.912,10,36,46,79,17,4,24,49,157,2022-2023,369.7
455,360,Georges Niang,PF,29,PHI,78,1,1512,222,502,0.442,154,384,0.401,68,118,0.576,0.596,39,45,0.867,19,166,185,77,30,14,54,145,637,2022-2023,1052.5
456,361,Daishen Nix,PG,20,HOU,57,7,914,81,237,0.342,40,140,0.286,41,97,0.423,0.426,24,36,0.667,18,80,98,132,31,7,86,59,226,2022-2023,569.6
457,362,Zeke Nnaji,PF,22,DEN,53,5,728,110,196,0.561,17,65,0.262,93,131,0.71,0.605,40,62,0.645,65,73,138,18,17,23,31,105,277,2022-2023,558.6
458,363,Nerlens Noel,C,28,TOT,17,4,195,13,36,0.361,1,2,0.5,12,34,0.353,0.375,8,12,0.667,10,36,46,10,16,10,13,32,35,2022-2023,170.2
461,364,Jaylen Nowell,SG,23,MIN,65,2,1252,280,625,0.448,67,232,0.289,213,393,0.542,0.502,77,99,0.778,36,134,170,132,42,5,65,101,704,2022-2023,1182.0
462,365,Frank Ntilikina,SG,24,DAL,47,5,607,48,132,0.364,17,67,0.254,31,65,0.477,0.428,22,33,0.667,7,55,62,58,16,7,29,65,135,2022-2023,336.4
463,366,Kendrick Nunn,SG,27,TOT,70,2,964,191,450,0.424,79,223,0.354,112,227,0.493,0.512,35,41,0.854,15,94,109,90,28,7,66,66,496,2022-2023,800.8
466,367,Jusuf Nurkić,C,28,POR,52,52,1391,262,505,0.519,43,119,0.361,219,386,0.567,0.561,127,192,0.661,114,357,471,149,43,44,119,185,694,2022-2023,1624.6999999999998
467,368,Jordan Nwora,SF,24,TOT,62,14,1188,194,445,0.436,86,211,0.408,108,234,0.462,0.533,68,86,0.791,51,178,229,88,24,14,66,74,542,2022-2023,996.8
470,369,Royce O'Neale,SF,29,BRK,76,53,2409,229,593,0.386,163,419,0.389,66,174,0.379,0.524,50,69,0.725,55,329,384,283,65,49,114,239,671,2022-2023,1784.3
471,370,Chuma Okeke,SF,24,ORL,27,8,518,43,122,0.352,26,86,0.302,17,36,0.472,0.459,16,21,0.762,26,70,96,37,19,11,17,40,128,2022-2023,371.7
472,371,Josh Okogie,SG,24,PHO,72,26,1350,162,414,0.391,66,197,0.335,96,217,0.442,0.471,139,192,0.724,109,142,251,105,56,34,63,114,529,2022-2023,1194.7
473,372,Onyeka Okongwu,C,22,ATL,80,18,1849,317,497,0.638,4,13,0.308,313,484,0.647,0.642,153,196,0.781,217,359,576,81,56,107,81,251,791,2022-2023,2011.6999999999998
474,373,Isaac Okoro,SF,22,CLE,76,46,1652,175,354,0.494,62,171,0.363,113,183,0.617,0.582,78,103,0.757,52,135,187,87,56,30,42,158,490,2022-2023,1060.9
475,374,KZ Okpala,PF,23,SAC,35,3,248,16,38,0.421,7,21,0.333,9,17,0.529,0.513,7,8,0.875,7,27,34,13,7,7,7,39,46,2022-2023,141.3
476,375,Victor Oladipo,SG,30,MIA,42,2,1106,160,403,0.397,70,212,0.33,90,191,0.471,0.484,59,79,0.747,16,112,128,146,57,12,87,99,449,2022-2023,941.5999999999999
477,376,Kelly Olynyk,C,31,UTA,68,68,1942,278,557,0.499,93,236,0.394,185,321,0.576,0.583,198,232,0.853,82,338,420,252,60,37,168,232,847,2022-2023,1852.0
478,377,Eugene Omoruyi,SF,25,TOT,40,6,645,101,228,0.443,25,89,0.281,76,139,0.547,0.498,51,75,0.68,43,68,111,28,28,3,34,91,278,2022-2023,512.2
481,378,Cedi Osman,SF,27,CLE,77,2,1548,239,530,0.451,116,312,0.372,123,218,0.564,0.56,75,108,0.694,25,151,176,115,35,11,52,122,669,2022-2023,1138.7
482,379,Kelly Oubre Jr.,SF,27,CHO,48,40,1548,353,819,0.431,108,339,0.319,245,480,0.51,0.497,158,208,0.76,65,184,249,54,68,18,64,141,972,2022-2023,1545.8
483,380,Chris Paul,PG,37,PHO,59,59,1889,294,668,0.44,98,261,0.375,196,407,0.482,0.513,133,160,0.831,27,224,251,524,91,22,114,126,819,2022-2023,2131.2
484,381,Cameron Payne,PG,28,PHO,48,15,968,188,453,0.415,68,185,0.368,120,268,0.448,0.49,49,64,0.766,12,94,106,214,33,8,81,88,493,2022-2023,983.2
485,382,Gary Payton II,SG,30,TOT,22,1,367,41,69,0.594,13,26,0.5,28,43,0.651,0.688,6,7,0.857,24,45,69,30,22,5,16,43,101,2022-2023,293.8
488,383,Theo Pinson,SG,27,DAL,40,1,323,31,87,0.356,22,62,0.355,9,25,0.36,0.483,11,13,0.846,10,53,63,46,6,1,12,34,95,2022-2023,248.60000000000002
489,384,Scotty Pippen Jr.,PG,22,LAL,6,0,32,4,12,0.333,1,3,0.333,3,9,0.333,0.375,5,9,0.556,2,2,4,2,2,1,2,3,14,2022-2023,28.8
490,385,Mason Plumlee,C,32,TOT,79,60,2054,329,484,0.68,0,0,0.348,329,484,0.68,0.68,199,313,0.636,229,471,700,245,46,47,117,217,857,2022-2023,2226.5
493,386,Jakob Poeltl,C,27,TOT,72,71,1906,389,618,0.629,0,1,0.0,389,617,0.63,0.629,119,201,0.592,236,417,653,197,66,86,125,195,897,2022-2023,2307.1
496,387,Aleksej Pokusevski,PF,21,OKC,34,25,701,108,249,0.434,38,104,0.365,70,145,0.483,0.51,22,35,0.629,45,114,159,64,20,43,43,58,276,2022-2023,708.8
497,388,Jordan Poole,PG,23,GSW,82,43,2458,550,1278,0.43,214,637,0.336,336,641,0.524,0.514,361,415,0.87,32,193,225,369,63,21,252,214,1675,2022-2023,2498.5
498,389,Kevin Porter Jr.,PG,22,HOU,59,59,2024,391,884,0.442,141,385,0.366,250,499,0.501,0.522,207,264,0.784,76,238,314,338,82,17,188,156,1130,2022-2023,2122.8
499,390,Michael Porter Jr.,SF,24,DEN,62,62,1798,398,817,0.487,188,454,0.414,210,363,0.579,0.602,96,120,0.8,64,277,341,65,37,29,68,119,1080,2022-2023,1716.7
